-- phpMyAdmin SQL Dump
-- version 5.1.1
-- https://www.phpmyadmin.net/
--
-- Servidor: 127.0.0.1
-- Tiempo de generación: 19-07-2022 a las 09:25:50
-- Versión del servidor: 10.4.22-MariaDB
-- Versión de PHP: 7.4.27

SET SQL_MODE = "NO_AUTO_VALUE_ON_ZERO";
START TRANSACTION;
SET time_zone = "+00:00";


/*!40101 SET @OLD_CHARACTER_SET_CLIENT=@@CHARACTER_SET_CLIENT */;
/*!40101 SET @OLD_CHARACTER_SET_RESULTS=@@CHARACTER_SET_RESULTS */;
/*!40101 SET @OLD_COLLATION_CONNECTION=@@COLLATION_CONNECTION */;
/*!40101 SET NAMES utf8mb4 */;

--
-- Base de datos: `ecommerce`
--

-- --------------------------------------------------------

--
-- Estructura de tabla para la tabla `banners`
--

CREATE TABLE `banners` (
  `id` bigint(20) UNSIGNED NOT NULL,
  `title` varchar(191) COLLATE utf8mb4_unicode_ci NOT NULL,
  `slug` varchar(191) COLLATE utf8mb4_unicode_ci NOT NULL,
  `photo` varchar(191) COLLATE utf8mb4_unicode_ci DEFAULT NULL,
  `description` text COLLATE utf8mb4_unicode_ci DEFAULT NULL,
  `status` enum('active','inactive') COLLATE utf8mb4_unicode_ci NOT NULL DEFAULT 'inactive',
  `created_at` timestamp NULL DEFAULT NULL,
  `updated_at` timestamp NULL DEFAULT NULL
) ENGINE=InnoDB DEFAULT CHARSET=utf8mb4 COLLATE=utf8mb4_unicode_ci;

--
-- Volcado de datos para la tabla `banners`
--

INSERT INTO `banners` (`id`, `title`, `slug`, `photo`, `description`, `status`, `created_at`, `updated_at`) VALUES
(7, 'BANNER DE PRUEBA', 'banner-de-prueba', '/storage/photos/31/ba2.jpg', '<p>HOLA</p>', 'active', '2022-07-19 07:44:33', '2022-07-19 07:44:33'),
(8, 'BANNER 2', 'banner-2', '/storage/photos/31/ba3.jpg', '<p>HOLA 2</p>', 'active', '2022-07-19 07:59:16', '2022-07-19 07:59:16'),
(9, 'BANNER 3', 'banner-3', '/storage/photos/31/ba1.jpg', '<p>HOLA 3</p>', 'active', '2022-07-19 08:00:00', '2022-07-19 08:00:00');

-- --------------------------------------------------------

--
-- Estructura de tabla para la tabla `brands`
--

CREATE TABLE `brands` (
  `id` bigint(20) UNSIGNED NOT NULL,
  `title` varchar(191) COLLATE utf8mb4_unicode_ci NOT NULL,
  `slug` varchar(191) COLLATE utf8mb4_unicode_ci NOT NULL,
  `status` enum('active','inactive') COLLATE utf8mb4_unicode_ci NOT NULL DEFAULT 'active',
  `created_at` timestamp NULL DEFAULT NULL,
  `updated_at` timestamp NULL DEFAULT NULL
) ENGINE=InnoDB DEFAULT CHARSET=utf8mb4 COLLATE=utf8mb4_unicode_ci;

--
-- Volcado de datos para la tabla `brands`
--

INSERT INTO `brands` (`id`, `title`, `slug`, `status`, `created_at`, `updated_at`) VALUES
(1, 'American Eagle', 'american-eagle', 'active', '2022-07-12 17:45:14', '2022-07-12 17:45:14'),
(2, 'Coca cola', 'coca-cola', 'active', '2022-07-13 09:28:11', '2022-07-13 09:28:11');

-- --------------------------------------------------------

--
-- Estructura de tabla para la tabla `carts`
--

CREATE TABLE `carts` (
  `id` bigint(20) UNSIGNED NOT NULL,
  `product_id` bigint(20) UNSIGNED NOT NULL,
  `order_id` bigint(20) UNSIGNED DEFAULT NULL,
  `user_id` bigint(20) UNSIGNED DEFAULT NULL,
  `price` double(8,2) NOT NULL,
  `status` enum('new','progress','delivered','cancel') COLLATE utf8mb4_unicode_ci NOT NULL DEFAULT 'new',
  `quantity` int(11) NOT NULL,
  `amount` double(8,2) NOT NULL,
  `created_at` timestamp NULL DEFAULT NULL,
  `updated_at` timestamp NULL DEFAULT NULL
) ENGINE=InnoDB DEFAULT CHARSET=utf8mb4 COLLATE=utf8mb4_unicode_ci;

--
-- Volcado de datos para la tabla `carts`
--

INSERT INTO `carts` (`id`, `product_id`, `order_id`, `user_id`, `price`, `status`, `quantity`, `amount`, `created_at`, `updated_at`) VALUES
(19, 1, 3, 32, 500.00, 'new', 2, 1000.00, '2022-07-13 09:15:30', '2022-07-13 09:18:04'),
(20, 2, NULL, 32, 100.00, 'new', 1, 100.00, '2022-07-13 09:32:10', '2022-07-13 09:32:10'),
(21, 4, NULL, 31, 450.00, 'new', 3, 1450.00, '2022-07-19 09:39:20', '2022-07-19 12:56:10');

-- --------------------------------------------------------

--
-- Estructura de tabla para la tabla `categories`
--

CREATE TABLE `categories` (
  `id` bigint(20) UNSIGNED NOT NULL,
  `title` varchar(191) COLLATE utf8mb4_unicode_ci NOT NULL,
  `slug` varchar(191) COLLATE utf8mb4_unicode_ci NOT NULL,
  `summary` text COLLATE utf8mb4_unicode_ci DEFAULT NULL,
  `photo` varchar(191) COLLATE utf8mb4_unicode_ci DEFAULT NULL,
  `is_parent` tinyint(1) NOT NULL DEFAULT 1,
  `parent_id` bigint(20) UNSIGNED DEFAULT NULL,
  `added_by` bigint(20) UNSIGNED DEFAULT NULL,
  `status` enum('active','inactive') COLLATE utf8mb4_unicode_ci NOT NULL DEFAULT 'inactive',
  `created_at` timestamp NULL DEFAULT NULL,
  `updated_at` timestamp NULL DEFAULT NULL
) ENGINE=InnoDB DEFAULT CHARSET=utf8mb4 COLLATE=utf8mb4_unicode_ci;

--
-- Volcado de datos para la tabla `categories`
--

INSERT INTO `categories` (`id`, `title`, `slug`, `summary`, `photo`, `is_parent`, `parent_id`, `added_by`, `status`, `created_at`, `updated_at`) VALUES
(1, 'Hombre', 'hombre', '<p>Categoria para hombres</p>', '/storage/photos/31/Categorias/model-5301794_960_720.jpg', 1, NULL, NULL, 'active', '2022-07-12 17:41:26', '2022-07-12 17:41:26'),
(2, 'Mujeres', 'mujeres', '<p>Categoria para mujeres</p>', '/storage/photos/31/Categorias/modelomujere.jpg', 1, NULL, NULL, 'active', '2022-07-12 17:42:46', '2022-07-12 17:42:46'),
(3, 'Pantalones', 'pantalones', 'Pantalones para hombre', '/storage/photos/31/Categorias/Pantalones-hombres/pantalones-de-trabajo-para-hombre-zuoxiangru-resistentes-al-agua.jpg', 0, 1, NULL, 'active', '2022-07-12 17:44:01', '2022-07-12 17:44:01'),
(4, 'JOYAS', 'joyas', '<p>JOYAS</p>', '/storage/photos/31/pantalones-de-trabajo-para-hombre-zuoxiangru-resistentes-al-agua.jpg', 1, NULL, NULL, 'active', '2022-07-13 09:24:03', '2022-07-13 09:24:03');

-- --------------------------------------------------------

--
-- Estructura de tabla para la tabla `coupons`
--

CREATE TABLE `coupons` (
  `id` bigint(20) UNSIGNED NOT NULL,
  `code` varchar(191) COLLATE utf8mb4_unicode_ci NOT NULL,
  `type` enum('fixed','percent') COLLATE utf8mb4_unicode_ci NOT NULL DEFAULT 'fixed',
  `value` decimal(20,2) NOT NULL,
  `status` enum('active','inactive') COLLATE utf8mb4_unicode_ci NOT NULL DEFAULT 'inactive',
  `created_at` timestamp NULL DEFAULT NULL,
  `updated_at` timestamp NULL DEFAULT NULL
) ENGINE=InnoDB DEFAULT CHARSET=utf8mb4 COLLATE=utf8mb4_unicode_ci;

--
-- Volcado de datos para la tabla `coupons`
--

INSERT INTO `coupons` (`id`, `code`, `type`, `value`, `status`, `created_at`, `updated_at`) VALUES
(1, 'APERTURAPAGINA', 'percent', '10.00', 'active', '2022-07-13 09:31:35', '2022-07-17 18:28:14');

-- --------------------------------------------------------

--
-- Estructura de tabla para la tabla `failed_jobs`
--

CREATE TABLE `failed_jobs` (
  `id` bigint(20) UNSIGNED NOT NULL,
  `connection` text COLLATE utf8mb4_unicode_ci NOT NULL,
  `queue` text COLLATE utf8mb4_unicode_ci NOT NULL,
  `payload` longtext COLLATE utf8mb4_unicode_ci NOT NULL,
  `exception` longtext COLLATE utf8mb4_unicode_ci NOT NULL,
  `failed_at` timestamp NOT NULL DEFAULT current_timestamp()
) ENGINE=InnoDB DEFAULT CHARSET=utf8mb4 COLLATE=utf8mb4_unicode_ci;

-- --------------------------------------------------------

--
-- Estructura de tabla para la tabla `messages`
--

CREATE TABLE `messages` (
  `id` bigint(20) UNSIGNED NOT NULL,
  `name` varchar(191) COLLATE utf8mb4_unicode_ci NOT NULL,
  `subject` text COLLATE utf8mb4_unicode_ci NOT NULL,
  `email` varchar(191) COLLATE utf8mb4_unicode_ci NOT NULL,
  `photo` varchar(191) COLLATE utf8mb4_unicode_ci DEFAULT NULL,
  `phone` varchar(191) COLLATE utf8mb4_unicode_ci DEFAULT NULL,
  `message` longtext COLLATE utf8mb4_unicode_ci NOT NULL,
  `read_at` timestamp NULL DEFAULT NULL,
  `created_at` timestamp NULL DEFAULT NULL,
  `updated_at` timestamp NULL DEFAULT NULL
) ENGINE=InnoDB DEFAULT CHARSET=utf8mb4 COLLATE=utf8mb4_unicode_ci;

-- --------------------------------------------------------

--
-- Estructura de tabla para la tabla `migrations`
--

CREATE TABLE `migrations` (
  `id` int(10) UNSIGNED NOT NULL,
  `migration` varchar(191) COLLATE utf8mb4_unicode_ci NOT NULL,
  `batch` int(11) NOT NULL
) ENGINE=InnoDB DEFAULT CHARSET=utf8mb4 COLLATE=utf8mb4_unicode_ci;

--
-- Volcado de datos para la tabla `migrations`
--

INSERT INTO `migrations` (`id`, `migration`, `batch`) VALUES
(1, '2014_10_12_000000_create_users_table', 1),
(2, '2014_10_12_100000_create_password_resets_table', 1),
(3, '2019_08_19_000000_create_failed_jobs_table', 1),
(4, '2020_07_10_021010_create_brands_table', 1),
(5, '2020_07_10_025334_create_banners_table', 1),
(6, '2020_07_10_112147_create_categories_table', 1),
(7, '2020_07_11_063857_create_products_table', 1),
(8, '2020_07_12_073132_create_post_categories_table', 1),
(9, '2020_07_12_073701_create_post_tags_table', 1),
(10, '2020_07_12_083638_create_posts_table', 1),
(11, '2020_07_13_151329_create_messages_table', 1),
(12, '2020_07_14_023748_create_shippings_table', 1),
(13, '2020_07_15_054356_create_orders_table', 1),
(14, '2020_07_15_102626_create_carts_table', 1),
(15, '2020_07_16_041623_create_notifications_table', 1),
(16, '2020_07_16_053240_create_coupons_table', 1),
(17, '2020_07_23_143757_create_wishlists_table', 1),
(18, '2020_07_24_074930_create_product_reviews_table', 1),
(19, '2020_07_24_131727_create_post_comments_table', 1),
(20, '2020_08_01_143408_create_settings_table', 1);

-- --------------------------------------------------------

--
-- Estructura de tabla para la tabla `notifications`
--

CREATE TABLE `notifications` (
  `id` char(36) COLLATE utf8mb4_unicode_ci NOT NULL,
  `type` varchar(191) COLLATE utf8mb4_unicode_ci NOT NULL,
  `notifiable_type` varchar(191) COLLATE utf8mb4_unicode_ci NOT NULL,
  `notifiable_id` bigint(20) UNSIGNED NOT NULL,
  `data` text COLLATE utf8mb4_unicode_ci NOT NULL,
  `read_at` timestamp NULL DEFAULT NULL,
  `created_at` timestamp NULL DEFAULT NULL,
  `updated_at` timestamp NULL DEFAULT NULL
) ENGINE=InnoDB DEFAULT CHARSET=utf8mb4 COLLATE=utf8mb4_unicode_ci;

--
-- Volcado de datos para la tabla `notifications`
--

INSERT INTO `notifications` (`id`, `type`, `notifiable_type`, `notifiable_id`, `data`, `read_at`, `created_at`, `updated_at`) VALUES
('2fbf14ca-ba7f-44e1-8cc7-2e856ff445c5', 'App\\Notifications\\StatusNotification', 'App\\User', 31, '{\"title\":\"Nueva orden creada\",\"actionURL\":\"http:\\/\\/127.0.0.1:8000\\/admin\\/order\\/3\",\"fas\":\"fa-file-alt\"}', '2022-07-17 18:15:06', '2022-07-13 09:18:04', '2022-07-17 18:15:06'),
('4898c02c-c97e-44a5-91d4-39970f34e855', 'App\\Notifications\\StatusNotification', 'App\\User', 31, '{\"title\":\"Nueva orden creada\",\"actionURL\":\"http:\\/\\/127.0.0.1:8000\\/admin\\/order\\/1\",\"fas\":\"fa-file-alt\"}', '2022-07-13 08:01:26', '2022-07-13 08:01:01', '2022-07-13 08:01:26'),
('74433805-cb5c-4417-9176-f6441e92b455', 'App\\Notifications\\StatusNotification', 'App\\User', 31, '{\"title\":\"Nueva orden creada\",\"actionURL\":\"http:\\/\\/127.0.0.1:8000\\/admin\\/order\\/2\",\"fas\":\"fa-file-alt\"}', '2022-07-13 09:01:30', '2022-07-13 08:25:31', '2022-07-13 09:01:30');

-- --------------------------------------------------------

--
-- Estructura de tabla para la tabla `orders`
--

CREATE TABLE `orders` (
  `id` bigint(20) UNSIGNED NOT NULL,
  `order_number` varchar(191) COLLATE utf8mb4_unicode_ci NOT NULL,
  `user_id` bigint(20) UNSIGNED DEFAULT NULL,
  `sub_total` double(8,2) NOT NULL,
  `shipping_id` bigint(20) UNSIGNED DEFAULT NULL,
  `coupon` double(8,2) DEFAULT NULL,
  `total_amount` double(8,2) NOT NULL,
  `quantity` int(11) NOT NULL,
  `payment_method` enum('cod','paypal') COLLATE utf8mb4_unicode_ci NOT NULL DEFAULT 'cod',
  `payment_status` enum('paid','unpaid') COLLATE utf8mb4_unicode_ci NOT NULL DEFAULT 'unpaid',
  `status` enum('new','process','delivered','cancel') COLLATE utf8mb4_unicode_ci NOT NULL DEFAULT 'new',
  `first_name` varchar(191) COLLATE utf8mb4_unicode_ci NOT NULL,
  `last_name` varchar(191) COLLATE utf8mb4_unicode_ci NOT NULL,
  `email` varchar(191) COLLATE utf8mb4_unicode_ci NOT NULL,
  `phone` varchar(191) COLLATE utf8mb4_unicode_ci NOT NULL,
  `country` varchar(191) COLLATE utf8mb4_unicode_ci NOT NULL,
  `post_code` varchar(191) COLLATE utf8mb4_unicode_ci DEFAULT NULL,
  `address1` text COLLATE utf8mb4_unicode_ci NOT NULL,
  `address2` text COLLATE utf8mb4_unicode_ci DEFAULT NULL,
  `created_at` timestamp NULL DEFAULT NULL,
  `updated_at` timestamp NULL DEFAULT NULL
) ENGINE=InnoDB DEFAULT CHARSET=utf8mb4 COLLATE=utf8mb4_unicode_ci;

--
-- Volcado de datos para la tabla `orders`
--

INSERT INTO `orders` (`id`, `order_number`, `user_id`, `sub_total`, `shipping_id`, `coupon`, `total_amount`, `quantity`, `payment_method`, `payment_status`, `status`, `first_name`, `last_name`, `email`, `phone`, `country`, `post_code`, `address1`, `address2`, `created_at`, `updated_at`) VALUES
(3, 'ORD-B1PUBBFIVX', 32, 1000.00, 2, NULL, 1050.00, 2, 'cod', 'unpaid', 'process', 'Javier', 'Solis', 'javiersolisp2021@gmail.com', '30289927', 'GT', '10001', 'Colonia vista hermosa zona 0', 'Suchitepequez', '2022-07-13 09:18:04', '2022-07-13 09:20:44');

-- --------------------------------------------------------

--
-- Estructura de tabla para la tabla `password_resets`
--

CREATE TABLE `password_resets` (
  `email` varchar(191) COLLATE utf8mb4_unicode_ci NOT NULL,
  `token` varchar(191) COLLATE utf8mb4_unicode_ci NOT NULL,
  `created_at` timestamp NULL DEFAULT NULL
) ENGINE=InnoDB DEFAULT CHARSET=utf8mb4 COLLATE=utf8mb4_unicode_ci;

-- --------------------------------------------------------

--
-- Estructura de tabla para la tabla `posts`
--

CREATE TABLE `posts` (
  `id` bigint(20) UNSIGNED NOT NULL,
  `title` varchar(191) COLLATE utf8mb4_unicode_ci NOT NULL,
  `slug` varchar(191) COLLATE utf8mb4_unicode_ci NOT NULL,
  `summary` text COLLATE utf8mb4_unicode_ci NOT NULL,
  `description` longtext COLLATE utf8mb4_unicode_ci DEFAULT NULL,
  `quote` text COLLATE utf8mb4_unicode_ci DEFAULT NULL,
  `photo` varchar(191) COLLATE utf8mb4_unicode_ci DEFAULT NULL,
  `tags` varchar(191) COLLATE utf8mb4_unicode_ci DEFAULT NULL,
  `post_cat_id` bigint(20) UNSIGNED DEFAULT NULL,
  `post_tag_id` bigint(20) UNSIGNED DEFAULT NULL,
  `added_by` bigint(20) UNSIGNED DEFAULT NULL,
  `status` enum('active','inactive') COLLATE utf8mb4_unicode_ci NOT NULL DEFAULT 'active',
  `created_at` timestamp NULL DEFAULT NULL,
  `updated_at` timestamp NULL DEFAULT NULL
) ENGINE=InnoDB DEFAULT CHARSET=utf8mb4 COLLATE=utf8mb4_unicode_ci;

-- --------------------------------------------------------

--
-- Estructura de tabla para la tabla `post_categories`
--

CREATE TABLE `post_categories` (
  `id` bigint(20) UNSIGNED NOT NULL,
  `title` varchar(191) COLLATE utf8mb4_unicode_ci NOT NULL,
  `slug` varchar(191) COLLATE utf8mb4_unicode_ci NOT NULL,
  `status` enum('active','inactive') COLLATE utf8mb4_unicode_ci NOT NULL DEFAULT 'active',
  `created_at` timestamp NULL DEFAULT NULL,
  `updated_at` timestamp NULL DEFAULT NULL
) ENGINE=InnoDB DEFAULT CHARSET=utf8mb4 COLLATE=utf8mb4_unicode_ci;

-- --------------------------------------------------------

--
-- Estructura de tabla para la tabla `post_comments`
--

CREATE TABLE `post_comments` (
  `id` bigint(20) UNSIGNED NOT NULL,
  `user_id` bigint(20) UNSIGNED DEFAULT NULL,
  `post_id` bigint(20) UNSIGNED DEFAULT NULL,
  `comment` text COLLATE utf8mb4_unicode_ci NOT NULL,
  `status` enum('active','inactive') COLLATE utf8mb4_unicode_ci NOT NULL DEFAULT 'active',
  `replied_comment` text COLLATE utf8mb4_unicode_ci DEFAULT NULL,
  `parent_id` bigint(20) UNSIGNED DEFAULT NULL,
  `created_at` timestamp NULL DEFAULT NULL,
  `updated_at` timestamp NULL DEFAULT NULL
) ENGINE=InnoDB DEFAULT CHARSET=utf8mb4 COLLATE=utf8mb4_unicode_ci;

-- --------------------------------------------------------

--
-- Estructura de tabla para la tabla `post_tags`
--

CREATE TABLE `post_tags` (
  `id` bigint(20) UNSIGNED NOT NULL,
  `title` varchar(191) COLLATE utf8mb4_unicode_ci NOT NULL,
  `slug` varchar(191) COLLATE utf8mb4_unicode_ci NOT NULL,
  `status` enum('active','inactive') COLLATE utf8mb4_unicode_ci NOT NULL DEFAULT 'active',
  `created_at` timestamp NULL DEFAULT NULL,
  `updated_at` timestamp NULL DEFAULT NULL
) ENGINE=InnoDB DEFAULT CHARSET=utf8mb4 COLLATE=utf8mb4_unicode_ci;

-- --------------------------------------------------------

--
-- Estructura de tabla para la tabla `products`
--

CREATE TABLE `products` (
  `id` bigint(20) UNSIGNED NOT NULL,
  `title` varchar(191) COLLATE utf8mb4_unicode_ci NOT NULL,
  `slug` varchar(191) COLLATE utf8mb4_unicode_ci NOT NULL,
  `summary` text COLLATE utf8mb4_unicode_ci NOT NULL,
  `description` longtext COLLATE utf8mb4_unicode_ci DEFAULT NULL,
  `photo` text COLLATE utf8mb4_unicode_ci NOT NULL,
  `stock` int(11) NOT NULL DEFAULT 1,
  `size` varchar(191) COLLATE utf8mb4_unicode_ci DEFAULT 'M',
  `condition` enum('default','new','hot') COLLATE utf8mb4_unicode_ci NOT NULL DEFAULT 'default',
  `status` enum('active','inactive') COLLATE utf8mb4_unicode_ci NOT NULL DEFAULT 'inactive',
  `price` double(8,2) NOT NULL,
  `discount` double(8,2) NOT NULL,
  `is_featured` tinyint(1) NOT NULL,
  `cat_id` bigint(20) UNSIGNED DEFAULT NULL,
  `child_cat_id` bigint(20) UNSIGNED DEFAULT NULL,
  `brand_id` bigint(20) UNSIGNED DEFAULT NULL,
  `created_at` timestamp NULL DEFAULT NULL,
  `updated_at` timestamp NULL DEFAULT NULL
) ENGINE=InnoDB DEFAULT CHARSET=utf8mb4 COLLATE=utf8mb4_unicode_ci;

--
-- Volcado de datos para la tabla `products`
--

INSERT INTO `products` (`id`, `title`, `slug`, `summary`, `description`, `photo`, `stock`, `size`, `condition`, `status`, `price`, `discount`, `is_featured`, `cat_id`, `child_cat_id`, `brand_id`, `created_at`, `updated_at`) VALUES
(1, 'Pantalon Militar', 'pantalon-militar', '<p><span style=\"font-family: &quot;Open Sans&quot;, Arial, sans-serif; font-size: 14px; text-align: justify;\">El trozo de texto estándar de Lorem Ipsum usado desde el año 1500 es reproducido debajo para aquellos interesados. Las secciones 1.10.32 y 1.10.33 de \"de Finibus Bonorum et Malorum\" por Cicero son también reproducidas en su forma original exacta.</span><br></p>', '<p><span style=\"font-family: &quot;Open Sans&quot;, Arial, sans-serif; font-size: 14px; text-align: justify;\">Al contrario del pensamiento popular, el texto de Lorem Ipsum no es simplemente texto aleatorio. Tiene sus raices en una pieza cl´sica de la literatura del Latin, que data del año 45 antes de Cristo, haciendo que este adquiera mas de 2000 años de antiguedad. Richard McClintock, un profesor de Latin de la Universidad de Hampden-Sydney en Virginia, encontró una de las palabras más oscuras de la lengua del latín, \"consecteur\", en un pasaje de Lorem Ipsum, y al seguir leyendo distintos textos del latín, descubrió la fuente indudable. Lorem Ipsum viene de las secciones 1.10.32 y 1.10.33 de \"de Finnibus Bonorum et Malorum\" (Los Extremos del Bien y El Mal) por Cicero, escrito en el año 45 antes de Cristo. Este libro es un tratado de teoría de éticas, muy popular durante el Renacimiento. La primera linea del Lorem Ipsum, \"Lorem ipsum dolor sit amet..\", viene de una linea en la sección 1.10.32</span><br></p>', '/storage/photos/31/Categorias/Pantalones-hombres/1b87f7f4c501accbf6ed15fa5337da48.jpg,/storage/photos/31/Categorias/Pantalones-hombres/pantalones-de-trabajo-para-hombre-zuoxiangru-resistentes-al-agua.jpg', 10, 'S,M,L', 'new', 'active', 500.00, 0.00, 1, 1, 3, 1, '2022-07-12 17:48:07', '2022-07-12 17:48:07'),
(2, 'esclavas', 'esclavas', '<p>na</p>', '<p>NA</p>', '/storage/photos/31/1b87f7f4c501accbf6ed15fa5337da48.jpg,/storage/photos/31/pantalones-de-trabajo-para-hombre-zuoxiangru-resistentes-al-agua.jpg', 10, 'NA', 'new', 'active', 100.00, 0.00, 1, 4, NULL, 1, '2022-07-13 09:27:05', '2022-07-13 09:27:05'),
(3, 'PRODUCTO 2', 'producto-2', '<p>HOLA</p>', '<p>HOLA</p>', '/storage/photos/31/ba1.jpg', 50, 'NA', 'hot', 'active', 500.00, 10.00, 1, 4, NULL, 1, '2022-07-19 08:09:25', '2022-07-19 08:09:25'),
(4, 'PRODUCTO', 'producto', '<p>HOLA</p>', '<p>HOLA</p>', '/storage/photos/31/ba1.jpg', 50, 'NA', 'hot', 'active', 500.00, 10.00, 1, 4, NULL, 1, '2022-07-19 08:09:32', '2022-07-19 08:09:32'),
(5, 'PRODUCTO', 'producto-2207190952-345', '<p>HOLA</p>', '<p>HOLA</p>', '/storage/photos/31/ba1.jpg', 50, 'NA', 'hot', 'active', 500.00, 10.00, 1, 4, NULL, 1, '2022-07-19 08:09:52', '2022-07-19 08:09:52'),
(6, 'PRODUCTO', 'producto-2207191004-705', '<p>HOLA</p>', '<p>HOLA</p>', '/storage/photos/31/ba1.jpg', 50, 'NA', 'hot', 'active', 500.00, 10.00, 1, 4, NULL, 2, '2022-07-19 08:10:04', '2022-07-19 08:10:04'),
(7, 'ESTETITULOUNO', 'estetitulouno', '<p>HOLA</p>', '<p>MUNDO</p>', '/storage/photos/31/ba2.jpg', 10, 'S,M', 'hot', 'active', 500.00, 10.00, 1, 1, 3, 2, '2022-07-19 08:10:51', '2022-07-19 08:10:51');

-- --------------------------------------------------------

--
-- Estructura de tabla para la tabla `product_reviews`
--

CREATE TABLE `product_reviews` (
  `id` bigint(20) UNSIGNED NOT NULL,
  `user_id` bigint(20) UNSIGNED DEFAULT NULL,
  `product_id` bigint(20) UNSIGNED DEFAULT NULL,
  `rate` tinyint(4) NOT NULL DEFAULT 0,
  `review` text COLLATE utf8mb4_unicode_ci DEFAULT NULL,
  `status` enum('active','inactive') COLLATE utf8mb4_unicode_ci NOT NULL DEFAULT 'active',
  `created_at` timestamp NULL DEFAULT NULL,
  `updated_at` timestamp NULL DEFAULT NULL
) ENGINE=InnoDB DEFAULT CHARSET=utf8mb4 COLLATE=utf8mb4_unicode_ci;

-- --------------------------------------------------------

--
-- Estructura de tabla para la tabla `settings`
--

CREATE TABLE `settings` (
  `id` bigint(20) UNSIGNED NOT NULL,
  `description` longtext COLLATE utf8mb4_unicode_ci NOT NULL,
  `short_des` text COLLATE utf8mb4_unicode_ci NOT NULL,
  `logo` varchar(191) COLLATE utf8mb4_unicode_ci NOT NULL,
  `photo` varchar(191) COLLATE utf8mb4_unicode_ci NOT NULL,
  `address` varchar(191) COLLATE utf8mb4_unicode_ci NOT NULL,
  `phone` varchar(191) COLLATE utf8mb4_unicode_ci NOT NULL,
  `email` varchar(191) COLLATE utf8mb4_unicode_ci NOT NULL,
  `created_at` timestamp NULL DEFAULT NULL,
  `updated_at` timestamp NULL DEFAULT NULL
) ENGINE=InnoDB DEFAULT CHARSET=utf8mb4 COLLATE=utf8mb4_unicode_ci;

--
-- Volcado de datos para la tabla `settings`
--

INSERT INTO `settings` (`id`, `description`, `short_des`, `logo`, `photo`, `address`, `phone`, `email`, `created_at`, `updated_at`) VALUES
(1, 'Excepteur sint occaecat cupidatat non proident, sunt in culpa qui officia deserunt mollit anim id est laborum. sed ut perspiciatis unde sunt in culpa qui officia deserunt mollit anim id est laborum. sed ut perspiciatis unde omnis iste natus error sit voluptatem Excepteu\r\n\r\n                            sunt in culpa qui officia deserunt mollit anim id est laborum. sed ut perspiciatis Excepteur sint occaecat cupidatat non proident, sunt in culpa qui officia deserunt mollit anim id est laborum. sed ut perspi deserunt mollit anim id est laborum. sed ut perspi.', 'Praesent dapibus, neque id cursus ucibus, tortor neque egestas augue, magna eros eu erat. Aliquam erat volutpat. Nam dui mi, tincidunt quis, accumsan porttitor, facilisis luctus, metus.', '/storage/photos/31/empresa/logo.png', '/storage/photos/31/empresa/logo.png', 'Guatemala, Ciudad de Guatemala. CA UPDATE', '+1234 758 83', 'info@onedollar.com', NULL, '2022-07-13 09:34:18');

-- --------------------------------------------------------

--
-- Estructura de tabla para la tabla `shippings`
--

CREATE TABLE `shippings` (
  `id` bigint(20) UNSIGNED NOT NULL,
  `type` varchar(191) COLLATE utf8mb4_unicode_ci NOT NULL,
  `price` decimal(8,2) NOT NULL,
  `status` enum('active','inactive') COLLATE utf8mb4_unicode_ci NOT NULL DEFAULT 'active',
  `created_at` timestamp NULL DEFAULT NULL,
  `updated_at` timestamp NULL DEFAULT NULL
) ENGINE=InnoDB DEFAULT CHARSET=utf8mb4 COLLATE=utf8mb4_unicode_ci;

--
-- Volcado de datos para la tabla `shippings`
--

INSERT INTO `shippings` (`id`, `type`, `price`, `status`, `created_at`, `updated_at`) VALUES
(1, 'Capital: Zona 1,2,3,4,10', '0.00', 'active', '2022-07-12 17:45:43', '2022-07-12 17:45:43'),
(2, 'Mazatenango, Such.', '50.00', 'active', '2022-07-12 17:45:56', '2022-07-12 17:45:56'),
(3, 'Quetzaltenango', '45.00', 'active', '2022-07-13 09:28:54', '2022-07-13 09:28:54');

-- --------------------------------------------------------

--
-- Estructura de tabla para la tabla `users`
--

CREATE TABLE `users` (
  `id` bigint(20) UNSIGNED NOT NULL,
  `name` varchar(191) COLLATE utf8mb4_unicode_ci NOT NULL,
  `email` varchar(191) COLLATE utf8mb4_unicode_ci DEFAULT NULL,
  `email_verified_at` timestamp NULL DEFAULT NULL,
  `password` varchar(191) COLLATE utf8mb4_unicode_ci DEFAULT NULL,
  `photo` varchar(191) COLLATE utf8mb4_unicode_ci DEFAULT NULL,
  `role` enum('admin','user') COLLATE utf8mb4_unicode_ci NOT NULL DEFAULT 'user',
  `provider` varchar(191) COLLATE utf8mb4_unicode_ci DEFAULT NULL,
  `provider_id` varchar(191) COLLATE utf8mb4_unicode_ci DEFAULT NULL,
  `status` enum('active','inactive') COLLATE utf8mb4_unicode_ci NOT NULL DEFAULT 'active',
  `remember_token` varchar(100) COLLATE utf8mb4_unicode_ci DEFAULT NULL,
  `created_at` timestamp NULL DEFAULT NULL,
  `updated_at` timestamp NULL DEFAULT NULL
) ENGINE=InnoDB DEFAULT CHARSET=utf8mb4 COLLATE=utf8mb4_unicode_ci;

--
-- Volcado de datos para la tabla `users`
--

INSERT INTO `users` (`id`, `name`, `email`, `email_verified_at`, `password`, `photo`, `role`, `provider`, `provider_id`, `status`, `remember_token`, `created_at`, `updated_at`) VALUES
(31, 'admin', 'admin@admin.com', NULL, '$2y$10$PWuooc.X0zDJaTGd/aihGuWrL93hAysbIqrX/NjyOoXi4aeEyaDLy', '/storage/photos/1/empresa/logo.jpg', 'admin', NULL, NULL, 'active', NULL, '2022-07-12 16:20:47', '2022-07-12 16:20:47'),
(32, 'Juan Gonzales', 'juan@gmail.com', NULL, '$2y$10$1x4j7fA9aUF2eJ6X9E.NnuOa5F9CLJoaNRjJFDJbhLo0ns7Hh7ovG', NULL, 'user', NULL, NULL, 'active', NULL, '2022-07-13 07:59:53', '2022-07-13 07:59:53');

-- --------------------------------------------------------

--
-- Estructura de tabla para la tabla `wishlists`
--

CREATE TABLE `wishlists` (
  `id` bigint(20) UNSIGNED NOT NULL,
  `product_id` bigint(20) UNSIGNED NOT NULL,
  `cart_id` bigint(20) UNSIGNED DEFAULT NULL,
  `user_id` bigint(20) UNSIGNED DEFAULT NULL,
  `price` double(8,2) NOT NULL,
  `quantity` int(11) NOT NULL,
  `amount` double(8,2) NOT NULL,
  `created_at` timestamp NULL DEFAULT NULL,
  `updated_at` timestamp NULL DEFAULT NULL
) ENGINE=InnoDB DEFAULT CHARSET=utf8mb4 COLLATE=utf8mb4_unicode_ci;

--
-- Volcado de datos para la tabla `wishlists`
--

INSERT INTO `wishlists` (`id`, `product_id`, `cart_id`, `user_id`, `price`, `quantity`, `amount`, `created_at`, `updated_at`) VALUES
(1, 1, 19, 32, 500.00, 1, 500.00, '2022-07-13 09:06:33', '2022-07-13 09:15:30');

--
-- Índices para tablas volcadas
--

--
-- Indices de la tabla `banners`
--
ALTER TABLE `banners`
  ADD PRIMARY KEY (`id`),
  ADD UNIQUE KEY `banners_slug_unique` (`slug`);

--
-- Indices de la tabla `brands`
--
ALTER TABLE `brands`
  ADD PRIMARY KEY (`id`),
  ADD UNIQUE KEY `brands_slug_unique` (`slug`);

--
-- Indices de la tabla `carts`
--
ALTER TABLE `carts`
  ADD PRIMARY KEY (`id`),
  ADD KEY `carts_product_id_foreign` (`product_id`),
  ADD KEY `carts_user_id_foreign` (`user_id`),
  ADD KEY `carts_order_id_foreign` (`order_id`);

--
-- Indices de la tabla `categories`
--
ALTER TABLE `categories`
  ADD PRIMARY KEY (`id`),
  ADD UNIQUE KEY `categories_slug_unique` (`slug`),
  ADD KEY `categories_parent_id_foreign` (`parent_id`),
  ADD KEY `categories_added_by_foreign` (`added_by`);

--
-- Indices de la tabla `coupons`
--
ALTER TABLE `coupons`
  ADD PRIMARY KEY (`id`),
  ADD UNIQUE KEY `coupons_code_unique` (`code`);

--
-- Indices de la tabla `failed_jobs`
--
ALTER TABLE `failed_jobs`
  ADD PRIMARY KEY (`id`);

--
-- Indices de la tabla `messages`
--
ALTER TABLE `messages`
  ADD PRIMARY KEY (`id`);

--
-- Indices de la tabla `migrations`
--
ALTER TABLE `migrations`
  ADD PRIMARY KEY (`id`);

--
-- Indices de la tabla `notifications`
--
ALTER TABLE `notifications`
  ADD PRIMARY KEY (`id`),
  ADD KEY `notifications_notifiable_type_notifiable_id_index` (`notifiable_type`,`notifiable_id`);

--
-- Indices de la tabla `orders`
--
ALTER TABLE `orders`
  ADD PRIMARY KEY (`id`),
  ADD UNIQUE KEY `orders_order_number_unique` (`order_number`),
  ADD KEY `orders_user_id_foreign` (`user_id`),
  ADD KEY `orders_shipping_id_foreign` (`shipping_id`);

--
-- Indices de la tabla `password_resets`
--
ALTER TABLE `password_resets`
  ADD KEY `password_resets_email_index` (`email`);

--
-- Indices de la tabla `posts`
--
ALTER TABLE `posts`
  ADD PRIMARY KEY (`id`),
  ADD UNIQUE KEY `posts_slug_unique` (`slug`),
  ADD KEY `posts_post_cat_id_foreign` (`post_cat_id`),
  ADD KEY `posts_post_tag_id_foreign` (`post_tag_id`),
  ADD KEY `posts_added_by_foreign` (`added_by`);

--
-- Indices de la tabla `post_categories`
--
ALTER TABLE `post_categories`
  ADD PRIMARY KEY (`id`),
  ADD UNIQUE KEY `post_categories_slug_unique` (`slug`);

--
-- Indices de la tabla `post_comments`
--
ALTER TABLE `post_comments`
  ADD PRIMARY KEY (`id`),
  ADD KEY `post_comments_user_id_foreign` (`user_id`),
  ADD KEY `post_comments_post_id_foreign` (`post_id`);

--
-- Indices de la tabla `post_tags`
--
ALTER TABLE `post_tags`
  ADD PRIMARY KEY (`id`),
  ADD UNIQUE KEY `post_tags_slug_unique` (`slug`);

--
-- Indices de la tabla `products`
--
ALTER TABLE `products`
  ADD PRIMARY KEY (`id`),
  ADD UNIQUE KEY `products_slug_unique` (`slug`),
  ADD KEY `products_brand_id_foreign` (`brand_id`),
  ADD KEY `products_cat_id_foreign` (`cat_id`),
  ADD KEY `products_child_cat_id_foreign` (`child_cat_id`);

--
-- Indices de la tabla `product_reviews`
--
ALTER TABLE `product_reviews`
  ADD PRIMARY KEY (`id`),
  ADD KEY `product_reviews_user_id_foreign` (`user_id`),
  ADD KEY `product_reviews_product_id_foreign` (`product_id`);

--
-- Indices de la tabla `settings`
--
ALTER TABLE `settings`
  ADD PRIMARY KEY (`id`);

--
-- Indices de la tabla `shippings`
--
ALTER TABLE `shippings`
  ADD PRIMARY KEY (`id`);

--
-- Indices de la tabla `users`
--
ALTER TABLE `users`
  ADD PRIMARY KEY (`id`),
  ADD UNIQUE KEY `users_email_unique` (`email`);

--
-- Indices de la tabla `wishlists`
--
ALTER TABLE `wishlists`
  ADD PRIMARY KEY (`id`),
  ADD KEY `wishlists_product_id_foreign` (`product_id`),
  ADD KEY `wishlists_user_id_foreign` (`user_id`),
  ADD KEY `wishlists_cart_id_foreign` (`cart_id`);

--
-- AUTO_INCREMENT de las tablas volcadas
--

--
-- AUTO_INCREMENT de la tabla `banners`
--
ALTER TABLE `banners`
  MODIFY `id` bigint(20) UNSIGNED NOT NULL AUTO_INCREMENT, AUTO_INCREMENT=10;

--
-- AUTO_INCREMENT de la tabla `brands`
--
ALTER TABLE `brands`
  MODIFY `id` bigint(20) UNSIGNED NOT NULL AUTO_INCREMENT, AUTO_INCREMENT=3;

--
-- AUTO_INCREMENT de la tabla `carts`
--
ALTER TABLE `carts`
  MODIFY `id` bigint(20) UNSIGNED NOT NULL AUTO_INCREMENT, AUTO_INCREMENT=22;

--
-- AUTO_INCREMENT de la tabla `categories`
--
ALTER TABLE `categories`
  MODIFY `id` bigint(20) UNSIGNED NOT NULL AUTO_INCREMENT, AUTO_INCREMENT=5;

--
-- AUTO_INCREMENT de la tabla `coupons`
--
ALTER TABLE `coupons`
  MODIFY `id` bigint(20) UNSIGNED NOT NULL AUTO_INCREMENT, AUTO_INCREMENT=2;

--
-- AUTO_INCREMENT de la tabla `failed_jobs`
--
ALTER TABLE `failed_jobs`
  MODIFY `id` bigint(20) UNSIGNED NOT NULL AUTO_INCREMENT;

--
-- AUTO_INCREMENT de la tabla `messages`
--
ALTER TABLE `messages`
  MODIFY `id` bigint(20) UNSIGNED NOT NULL AUTO_INCREMENT, AUTO_INCREMENT=11;

--
-- AUTO_INCREMENT de la tabla `migrations`
--
ALTER TABLE `migrations`
  MODIFY `id` int(10) UNSIGNED NOT NULL AUTO_INCREMENT, AUTO_INCREMENT=21;

--
-- AUTO_INCREMENT de la tabla `orders`
--
ALTER TABLE `orders`
  MODIFY `id` bigint(20) UNSIGNED NOT NULL AUTO_INCREMENT, AUTO_INCREMENT=4;

--
-- AUTO_INCREMENT de la tabla `posts`
--
ALTER TABLE `posts`
  MODIFY `id` bigint(20) UNSIGNED NOT NULL AUTO_INCREMENT;

--
-- AUTO_INCREMENT de la tabla `post_categories`
--
ALTER TABLE `post_categories`
  MODIFY `id` bigint(20) UNSIGNED NOT NULL AUTO_INCREMENT;

--
-- AUTO_INCREMENT de la tabla `post_comments`
--
ALTER TABLE `post_comments`
  MODIFY `id` bigint(20) UNSIGNED NOT NULL AUTO_INCREMENT;

--
-- AUTO_INCREMENT de la tabla `post_tags`
--
ALTER TABLE `post_tags`
  MODIFY `id` bigint(20) UNSIGNED NOT NULL AUTO_INCREMENT;

--
-- AUTO_INCREMENT de la tabla `products`
--
ALTER TABLE `products`
  MODIFY `id` bigint(20) UNSIGNED NOT NULL AUTO_INCREMENT, AUTO_INCREMENT=8;

--
-- AUTO_INCREMENT de la tabla `product_reviews`
--
ALTER TABLE `product_reviews`
  MODIFY `id` bigint(20) UNSIGNED NOT NULL AUTO_INCREMENT;

--
-- AUTO_INCREMENT de la tabla `settings`
--
ALTER TABLE `settings`
  MODIFY `id` bigint(20) UNSIGNED NOT NULL AUTO_INCREMENT, AUTO_INCREMENT=2;

--
-- AUTO_INCREMENT de la tabla `shippings`
--
ALTER TABLE `shippings`
  MODIFY `id` bigint(20) UNSIGNED NOT NULL AUTO_INCREMENT, AUTO_INCREMENT=4;

--
-- AUTO_INCREMENT de la tabla `users`
--
ALTER TABLE `users`
  MODIFY `id` bigint(20) UNSIGNED NOT NULL AUTO_INCREMENT, AUTO_INCREMENT=33;

--
-- AUTO_INCREMENT de la tabla `wishlists`
--
ALTER TABLE `wishlists`
  MODIFY `id` bigint(20) UNSIGNED NOT NULL AUTO_INCREMENT, AUTO_INCREMENT=2;

--
-- Restricciones para tablas volcadas
--

--
-- Filtros para la tabla `carts`
--
ALTER TABLE `carts`
  ADD CONSTRAINT `carts_order_id_foreign` FOREIGN KEY (`order_id`) REFERENCES `orders` (`id`) ON DELETE SET NULL,
  ADD CONSTRAINT `carts_product_id_foreign` FOREIGN KEY (`product_id`) REFERENCES `products` (`id`) ON DELETE CASCADE,
  ADD CONSTRAINT `carts_user_id_foreign` FOREIGN KEY (`user_id`) REFERENCES `users` (`id`) ON DELETE CASCADE;

--
-- Filtros para la tabla `categories`
--
ALTER TABLE `categories`
  ADD CONSTRAINT `categories_added_by_foreign` FOREIGN KEY (`added_by`) REFERENCES `users` (`id`) ON DELETE SET NULL,
  ADD CONSTRAINT `categories_parent_id_foreign` FOREIGN KEY (`parent_id`) REFERENCES `categories` (`id`) ON DELETE SET NULL;

--
-- Filtros para la tabla `orders`
--
ALTER TABLE `orders`
  ADD CONSTRAINT `orders_shipping_id_foreign` FOREIGN KEY (`shipping_id`) REFERENCES `shippings` (`id`) ON DELETE SET NULL,
  ADD CONSTRAINT `orders_user_id_foreign` FOREIGN KEY (`user_id`) REFERENCES `users` (`id`) ON DELETE SET NULL;

--
-- Filtros para la tabla `posts`
--
ALTER TABLE `posts`
  ADD CONSTRAINT `posts_added_by_foreign` FOREIGN KEY (`added_by`) REFERENCES `users` (`id`) ON DELETE SET NULL,
  ADD CONSTRAINT `posts_post_cat_id_foreign` FOREIGN KEY (`post_cat_id`) REFERENCES `post_categories` (`id`) ON DELETE SET NULL,
  ADD CONSTRAINT `posts_post_tag_id_foreign` FOREIGN KEY (`post_tag_id`) REFERENCES `post_tags` (`id`) ON DELETE SET NULL;

--
-- Filtros para la tabla `post_comments`
--
ALTER TABLE `post_comments`
  ADD CONSTRAINT `post_comments_post_id_foreign` FOREIGN KEY (`post_id`) REFERENCES `posts` (`id`) ON DELETE SET NULL,
  ADD CONSTRAINT `post_comments_user_id_foreign` FOREIGN KEY (`user_id`) REFERENCES `users` (`id`) ON DELETE SET NULL;

--
-- Filtros para la tabla `products`
--
ALTER TABLE `products`
  ADD CONSTRAINT `products_brand_id_foreign` FOREIGN KEY (`brand_id`) REFERENCES `brands` (`id`) ON DELETE SET NULL,
  ADD CONSTRAINT `products_cat_id_foreign` FOREIGN KEY (`cat_id`) REFERENCES `categories` (`id`) ON DELETE SET NULL,
  ADD CONSTRAINT `products_child_cat_id_foreign` FOREIGN KEY (`child_cat_id`) REFERENCES `categories` (`id`) ON DELETE SET NULL;

--
-- Filtros para la tabla `product_reviews`
--
ALTER TABLE `product_reviews`
  ADD CONSTRAINT `product_reviews_product_id_foreign` FOREIGN KEY (`product_id`) REFERENCES `products` (`id`) ON DELETE SET NULL,
  ADD CONSTRAINT `product_reviews_user_id_foreign` FOREIGN KEY (`user_id`) REFERENCES `users` (`id`) ON DELETE SET NULL;

--
-- Filtros para la tabla `wishlists`
--
ALTER TABLE `wishlists`
  ADD CONSTRAINT `wishlists_cart_id_foreign` FOREIGN KEY (`cart_id`) REFERENCES `carts` (`id`) ON DELETE SET NULL,
  ADD CONSTRAINT `wishlists_product_id_foreign` FOREIGN KEY (`product_id`) REFERENCES `products` (`id`) ON DELETE CASCADE,
  ADD CONSTRAINT `wishlists_user_id_foreign` FOREIGN KEY (`user_id`) REFERENCES `users` (`id`) ON DELETE SET NULL;
COMMIT;

/*!40101 SET CHARACTER_SET_CLIENT=@OLD_CHARACTER_SET_CLIENT */;
/*!40101 SET CHARACTER_SET_RESULTS=@OLD_CHARACTER_SET_RESULTS */;
/*!40101 SET COLLATION_CONNECTION=@OLD_COLLATION_CONNECTION */;
